id,puno_ime,datum_rodenja,kontaktni_broj,email,id_adresa
1,Marko Horvat,1980-05-15,385-1-1234567,marko.horvat@mail.com,1
2,Ana Nikolić,1985-08-22,385-1-2345678,ana.nikolic@mail.com,2
3,Juraj Štern-Vukotić,1990-03-10,385-1-3456789,juraj.stern@mail.com,3
4,Lucija Labinjan,1988-11-18,385-1-4567890,lucija.labinjan@mail.com,4
5,Mateo Udovičić,1992-07-25,385-1-5678901,mateo.udovic@mail.com,5
6,Karlo Bazina,1987-02-14,385-1-6789012,karlo.bazina@mail.com,6
7,Marina Paladino,1989-09-30,385-1-7890123,marina.paladino@mail.com,7
8,Darko Marković,1981-06-12,385-1-8901234,darko.markovic@mail.com,8
9,Vesna Horvat,1986-04-08,385-1-9012345,vesna.horvat@mail.com,9
10,Niko Jelčić,1983-12-03,385-1-0123456,niko.jelcic@mail.com,10
11,Petra Ivanović,1991-01-17,385-2-1234567,petra.ivanovic@mail.com,11
12,Ivo Horvat,1982-10-28,385-2-2345678,ivo.horvat@mail.com,12
13,Goran Petrović,1984-08-05,385-2-3456789,goran.petrovic@mail.com,13
14,Sanja Novak,1993-05-11,385-2-4567890,sanja.novak@mail.com,14
15,Ivan Jakšić,1979-09-22,385-2-5678901,ivan.jaksic@mail.com,15
16,Ljiljana Ćosić,1988-03-16,385-2-6789012,ljiljana.cosic@mail.com,16
17,Zdravko Majstorović,1981-07-20,385-2-7890123,zdravko.majstorovic@mail.com,17
18,Zlata Marinković,1994-02-09,385-2-8901234,zlata.marinkovic@mail.com,18
19,Fedor Marušić,1977-11-14,385-2-9012345,fedor.marusic@mail.com,19
20,Tamara Horvat,1990-06-26,385-2-0123456,tamara.horvat@mail.com,20
21,Dejan Radić,1986-12-05,385-3-1234567,dejan.radic@mail.com,21
22,Mila Ković,1989-04-19,385-3-2345678,mila.kovic@mail.com,22
23,Stojan Nikolić,1983-09-08,385-3-3456789,stojan.nikolic@mail.com,23
24,Nina Anđelković,1992-01-30,385-3-4567890,nina.andjelkovic@mail.com,24
25,Dragan Tadić,1980-08-14,385-3-5678901,dragan.tadic@mail.com,25
26,Vera Šimović,1987-05-23,385-3-6789012,vera.simovic@mail.com,26
27,Boris Savić,1985-10-11,385-3-7890123,boris.savic@mail.com,27
28,Jelena Ristić,1991-03-17,385-3-8901234,jelena.ristic@mail.com,28
29,Filip Jeremić,1984-07-02,385-3-9012345,filip.jeremic@mail.com,29
30,Valerija Tadić,1988-11-27,385-3-0123456,valerija.tadic@mail.com,30
